Tamanho Lote,Total Leituras,Tempo Coleta (s),Taxa Coleta (leituras/s),Tempo Inserção (s),Taxa Inserção (leituras/s),Tempo CPU (s),Uso Memória (MB)
60,5000,0.23112964630126953,21632.880420206555,0,0,0,0
600,5000,0.215468168258667,23205.283826414485,0,0,0,0
6000,5000,1.39677095413208,3579.684976415392,0,0,0,0
600000,5000,91.94801640510559,54.378552093728096,0,0,0,0
6000000,5000,587.7659623622894,8.506787259174564,0,0,0,0
